Question_ID,Question_Text,Type,Domains,Target_Metric,Modifier_Type,Special_Computation,Options_Summary
A1_1,What is the primary function of the AI system?,multiselect,"Accountability, Transparency and Explainability",Impact,Standard,N/A,8 options
A1_2,What version is the AI system currently at?,text,Accountability,None,N/A,N/A,No scoring
A1_3,Which AI features or capabilities does the system include?,multiselect,"Accountability, Transparency and Explainability",Impact,Standard,N/A,10 options
A1_4,What types of decisions or problems does the AI system address?,multiselect,"Accountability, Fairness",Impact,Standard,N/A,9 options
A1_5,What tangible benefits does the AI system provide?,multiselect,Accountability,Impact,negative,N/A,8 options
A1_6,Does the system convert its outputs directly into actions without human intervention?,yes_no,"Accountability, Reliability and Safety",Likelihood,Standard,AutonomyFactor,1 options
A1_7,What type(s) of AI model or algorithm does the system use?,multiselect,"Transparency and Explainability, Accountability",Impact,Standard,N/A,10 options
A1_8,Where did the AI system or model originate?,multiselect,"Accountability, Transparency and Explainability",Impact,Standard,N/A,6 options
A1_9,How is the AI system integrated into your operations?,multiselect,Reliability and Safety,Likelihood,Standard,N/A,6 options
A2_1,How are data sources and quality tracked?,multiselect,"Privacy Protection and Security, Transparency and Explainability",Control_Effectiveness,negative,N/A,6 options
A2_2,"What environmental, external, or real-time data does the system rely on?",text,Reliability and Safety,Impact,Standard,N/A,See schema for details
A2_3,What safeguards exist to ensure data quality and integrity?,multiselect,Reliability and Safety,Control_Effectiveness,negative,N/A,7 options
A2_4,What types of data does the system process?,multiselect,Privacy Protection and Security,Impact,Standard,N/A,9 options
A2_5,Rate the quality of input data on the following dimensions (1-5 scale),rating_multi,Reliability and Safety,Likelihood,Standard,DataQualityFactor,5 dimensions
A2_6,What is the Business Impact Level (BIL) of the input data?,single_select,Privacy Protection and Security,Impact,Standard,N/A,5 options
A2_7,Does the system process regulated or sensitive data?,yes_no,"Privacy Protection and Security, Accountability",Impact,Standard,N/A,2 options
A2_8,Are user inputs required for the system to function?,yes_no,Reliability and Safety,Likelihood,Standard,N/A,2 options
A3_1,What types of human-AI interfaces does the system use?,multiselect,"Transparency and Explainability, Accountability",Likelihood,Standard,N/A,7 options
A3_2,Rate the typical expertise of users interacting with the system (1-5 scale),rating_multi,"Accountability, Transparency and Explainability",Likelihood,Standard,ExpertiseFactor,3 dimensions
A3_3,Which groups are impacted by the system's decisions?,multiselect,"Fairness, Accountability",Impact,Standard,N/A,See schema for details
A3_4,How are affected parties notified that AI is involved in decisions?,multiselect,"Transparency and Explainability, Accountability",Control_Effectiveness,negative,N/A,5 options
A3_5,What impacts could the system have on staff? (Select impacts and rate severity 1-5),multiselect_with_severity,"Fairness, Accountability",Impact,Standard,N/A,See schema for details
A3_6,What impacts could the system have on external groups? (Select impacts and rate severity 1-3),multiselect_with_severity,"Fairness, Accountability",Impact,Standard,N/A,See schema for details
A4_1,What are the primary outputs of the AI system?,multiselect,"Accountability, Transparency and Explainability",Impact,Standard,N/A,10 options
A4_2,Are outputs sent to external systems without human review?,yes_no,"Accountability, Reliability and Safety",Likelihood,Standard,N/A,2 options
A4_3,What is the Business Impact Level (BIL) of the system outputs?,single_select,Privacy Protection and Security,Impact,Standard,N/A,6 options
A4_4,How are system outputs tracked?,multiselect,"Accountability, Contestability",Control_Effectiveness,negative,N/A,6 options
A4_5,Are there risks associated with unauthorized access to system outputs?,yes_no_with_options,"Privacy Protection and Security, Reliability and Safety",Impact and Likelihood,dual,N/A,1 options
A4_6,What types of regulated or sensitive data are included in system outputs?,multiselect,"Privacy Protection and Security, Fairness",Impact,Standard,N/A,9 options
A4_7,Who has access to personally identifiable information (PII) in system outputs?,text,Privacy Protection and Security,TBD,Standard,N/A,See schema for details
A4_8,"Could system outputs trigger legal, regulatory, or compliance actions?",text,Accountability,TBD,Standard,N/A,See schema for details
A5_1,Who is accountable for the AI system's performance and decisions?,single_select,Accountability,Control_Effectiveness,negative,N/A,7 options
A5_10,Does the AI system operate under specific regulatory obligations or frameworks?,yes_no_with_subsections,"Accountability, Privacy Protection and Security",Control_Effectiveness,negative,N/A,2 options
A5_11,Where will this AI solution be deployed?,single_select,"Accountability, Reliability and Safety, Human, Societal and Environmental Wellbeing",Likelihood and Control_Effectiveness,dual,N/A,6 options
A5_2,How is system performance tracked and reported?,text,"Accountability, Transparency and Explainability",TBD,Standard,N/A,See schema for details
A5_3,What monitoring and evaluation processes are in place? (Select all that apply),multiselect,"Reliability and Safety, Accountability",Control_Effectiveness,negative,N/A,5 options
A5_4,How frequently will monitoring and evaluation occur?,single_select,Reliability and Safety,Control_Effectiveness,negative,N/A,5 options
A5_5,Has the system undergone independent review or audit?,yes_no,"Accountability, Transparency and Explainability",Control_Effectiveness,negative,N/A,2 options
A5_6,Who is responsible for ongoing monitoring?,single_select,Accountability,Control_Effectiveness,negative,N/A,7 options
A5_7,What stakeholder engagement activities have been conducted?,multiselect,"Human-centred Values, Fairness",Control_Effectiveness,negative,N/A,7 options
A5_8,What methods exist for detecting harm and responding to incidents?,multiselect,"Reliability and Safety, Human, Societal and Environmental Wellbeing",Control_Effectiveness,negative,N/A,7 options
A5_9,"Which values, principles, or frameworks guide the AI system's development and use?",multiselect,"Accountability, Transparency and Explainability",Control_Effectiveness,negative,N/A,8 options
B1_2,What negative impacts could the AI system create?,multiselect,"Human, Societal and Environmental Wellbeing",Impact,Standard,N/A,10 options
B1_3,Could the AI system affect employee employment or job roles?,single_select,"Human, Societal and Environmental Wellbeing",Impact,Standard,N/A,3 options
B2_1,Has a Human Rights Impact Assessment (HRIA) been completed?,yes_no,Human-centred Values,Control_Effectiveness,Standard,N/A,2 options
B2_2,Rate the AI system's impact on the following dimensions:,multi_rating,Human-centred Values,Impact,Standard,N/A,3 categories
B2_3,Were diverse perspectives included in the AI system's design and development?,yes_no_with_options,Human-centred Values,Impact,Standard,N/A,1 options
B3_1,Has bias testing been conducted on the AI system?,yes_no_with_options,Fairness,Impact,Standard,N/A,1 options
B3_2,Could the AI system discriminate against specific groups?,yes_unknown_no_with_options,Fairness,Impact,Standard,N/A,2 options
B4_1,Has a Privacy Impact Assessment (PIA) been completed?,yes_no,Privacy Protection and Security,Control_Effectiveness,mixed,N/A,2 options
B4_2,Does the AI system use personal information?,yes_no_with_options,Privacy Protection and Security,Impact,Standard,N/A,1 options
B4_3,What security measures are in place to protect personal information?,multiselect,Privacy Protection and Security,Control_Effectiveness,negative,N/A,5 options
B5_1,Has the system been tested for reliability?,yes_no_with_rating,Reliability and Safety,Control_Effectiveness,negative,N/A,1 options
B5_2,Is there a process to disengage the system if issues arise?,yes_no,Reliability and Safety,Control_Effectiveness,mixed,N/A,2 options
B5_3,Does the AI system operate in a high-risk environment?,yes_no_with_options,Reliability and Safety,Impact and Likelihood,dual,N/A,1 options
B6_1,"How transparent is the AI solution's operation? (1 = Very Low, 5 = Very High)",rating_scale,Transparency and Explainability,Control_Effectiveness,negative,N/A,Rating scale (1-5)
B6_2,"Can the system explain its outputs or decisions? (1 = Very Low, 5 = Very High)",rating_scale,Transparency and Explainability,Control_Effectiveness,negative,N/A,Rating scale (1-5)
B6_4,Are there known limitations to the system's explainability?,yes_no_with_text,Transparency and Explainability,Control_Effectiveness,Standard,N/A,2 options
B7_2,How quickly can a decision be challenged or reviewed?,single_select,Contestability,Control_Effectiveness,mixed,N/A,6 options
B8_2,Have clear roles and responsibilities been established for AI oversight?,yes_no,Accountability,Control_Effectiveness,mixed,N/A,2 options
B8_3,Have staff been trained on AI system use and limitations?,yes_no,Accountability,Control_Effectiveness,mixed,N/A,2 options
B8_4,Are safeguards in place to prevent overreliance on AI outputs?,yes_no_with_options,Accountability,Control_Effectiveness,negative,N/A,1 options
